Date,Close/Last,Volume,Open,High,Low
3/6/2025,110.57,321181900,113.53,115.35,110.22
3/5/2025,117.30,284337900,117.58,118.28,114.51
3/4/2025,115.99,398163300,110.65,119.31,110.11
3/3/2025,114.06,411381400,123.51,123.70,112.28
2/28/2025,124.92,389091100,118.02,125.09,116.40
2/27/2025,120.15,443175800,135.00,135.01,120.01
2/26/2025,131.28,322553800,129.99,133.73,128.49
2/25/2025,126.63,271428700,129.98,130.20,124.44
2/24/2025,130.28,251381100,136.56,138.59,130.08
2/21/2025,134.43,228217600,140.04,141.46,134.03
2/20/2025,140.11,143903600,140.03,140.66,136.79
2/19/2025,139.23,167536000,139.51,141.36,137.22
2/18/2025,139.40,219176600,141.27,143.44,137.93
2/14/2025,138.85,195479600,136.48,139.25,135.50
2/13/2025,135.29,197430000,131.56,136.50,131.17
2/12/2025,131.14,160278600,130.02,132.24,129.08
2/11/2025,132.80,178902400,132.58,134.48,131.02
2/10/2025,133.57,216989100,130.09,135.00,129.96
2/7/2025,129.84,228186300,129.22,130.37,125.00
2/6/2025,128.68,251483600,127.42,128.77,125.21
2/5/2025,124.83,263110600,121.76,125.00,120.76
2/4/2025,118.65,256550000,116.96,121.20,116.70
2/3/2025,116.66,371235700,114.75,118.57,113.01
1/31/2025,120.07,390372900,123.78,127.85,119.19
1/30/2025,124.65,392925500,123.10,125.00,118.10
1/29/2025,123.70,467120600,126.50,126.89,120.05
1/28/2025,128.99,579666400,121.81,129.00,116.25
1/27/2025,118.42,818830900,124.80,128.40,116.70
1/24/2025,142.62,234657600,148.37,148.97,141.88
1/23/2025,147.22,155915500,145.05,147.23,143.72
1/22/2025,147.07,237651400,144.66,147.79,143.67
1/21/2025,140.83,197749000,139.16,141.83,137.09
1/17/2025,137.71,201188800,136.69,138.50,135.46
1/16/2025,133.57,209235600,138.64,138.75,133.49
1/15/2025,136.24,185217300,133.65,136.45,131.29
1/14/2025,131.76,195590500,136.05,136.38,130.05
1/13/2025,133.23,204808900,129.99,133.49,129.51
1/10/2025,135.91,207602500,137.45,139.92,134.22
1/8/2025,140.11,227349900,142.58,143.95,137.56
1/7/2025,140.14,351782200,153.03,153.13,140.01
1/6/2025,149.43,265377400,148.59,152.16,147.82
1/3/2025,144.47,229322500,140.01,144.90,139.73
1/2/2025,138.31,198247200,136.00,138.88,134.63
12/31/2024,134.29,155659200,138.03,138.07,133.83
12/30/2024,137.49,167734700,134.83,140.27,134.02
12/27/2024,137.01,170582600,138.55,139.02,134.71
12/26/2024,139.93,116519100,139.70,140.85,137.73
12/24/2024,140.22,105157000,140.00,141.90,138.65
12/23/2024,139.67,176053500,136.28,139.79,135.12
12/20/2024,134.70,306528600,129.81,135.28,128.22
12/19/2024,130.68,209719200,131.76,134.03,129.55
12/18/2024,128.91,277444500,133.86,136.70,128.28
12/17/2024,130.39,259410300,129.09,131.59,126.86
12/16/2024,132.00,237951100,134.18,134.40,130.42
12/13/2024,134.25,231514900,138.94,139.60,132.54
12/12/2024,137.34,159211400,137.08,138.44,135.80
12/11/2024,139.31,184905200,137.36,140.17,135.21
12/10/2024,135.07,210020900,139.01,141.82,133.79
12/9/2024,138.81,189308600,138.97,139.95,137.13
12/6/2024,142.44,188505600,144.60,145.70,141.31
12/5/2024,145.06,172621200,145.11,146.54,143.95
12/4/2024,145.14,231224300,142.00,145.79,140.29
12/3/2024,140.26,164414000,138.26,140.54,137.95
12/2/2024,138.63,171682800,138.83,140.45,137.83
11/29/2024,138.25,141863200,136.78,139.35,136.05
11/27/2024,135.34,226370900,135.01,137.22,131.80
11/26/2024,136.92,190287700,137.70,139.30,135.67
11/25/2024,136.02,344941900,141.99,142.05,135.82
11/22/2024,141.95,236406200,145.93,147.16,141.10
11/21/2024,146.67,400946600,149.35,152.89,140.70
11/20/2024,145.89,309871700,147.41,147.56,142.73
11/19/2024,147.01,227834900,141.32,147.13,140.99
11/18/2024,140.15,221866000,139.50,141.55,137.15
11/15/2024,141.98,250132900,144.87,145.24,140.08
11/14/2024,146.76,194463300,147.64,149.00,145.55
11/13/2024,146.27,191903300,149.07,149.33,145.90
11/12/2024,148.29,198634700,146.78,149.65,146.01
11/11/2024,145.26,182325600,148.68,148.85,143.57
11/8/2024,147.63,175665800,148.77,149.77,146.26
11/7/2024,148.88,207323300,146.39,148.93,146.17
11/6/2024,145.61,242043900,142.96,146.49,141.96
11/5/2024,139.91,160537400,137.45,140.37,137.33
11/4/2024,136.05,187528200,137.21,138.96,135.57
11/1/2024,135.40,207127800,134.70,137.31,134.57
10/31/2024,132.76,270039600,137.60,137.61,132.11
10/30/2024,139.34,179418100,139.54,140.33,136.81
10/29/2024,141.25,157593600,140.29,142.26,138.90
10/28/2024,140.52,173586700,143.00,143.14,140.05
10/25/2024,141.54,205122100,140.93,144.13,140.80
10/24/2024,140.41,172354900,140.82,141.35,138.46
10/23/2024,139.56,285930000,142.03,142.43,137.46
10/22/2024,143.59,226311600,142.91,144.42,141.78
10/21/2024,143.71,264554500,138.13,143.71,138.00
10/18/2024,138.00,176090200,138.67,138.90,137.28
10/17/2024,136.93,306435900,139.34,140.89,136.87
10/16/2024,135.72,264879700,133.98,136.62,131.58
10/15/2024,131.60,377831000,137.87,138.57,128.74
10/14/2024,138.07,232347700,136.47,139.60,136.30
10/11/2024,134.80,170209500,134.01,135.78,133.66
10/10/2024,134.81,242311300,131.91,135.00,131.00
10/9/2024,132.65,246191600,134.11,134.52,131.38
10/8/2024,132.89,285722500,130.26,133.48,129.42
10/7/2024,127.72,346250200,124.99,130.64,124.95
10/4/2024,124.92,244465600,124.94,125.04,121.83
10/3/2024,122.85,277118000,120.92,124.36,120.34
10/2/2024,118.85,221845900,116.44,119.38,115.14
10/1/2024,117.00,302094500,121.77,122.44,115.79
9/30/2024,121.44,227053700,118.31,121.50,118.15
9/27/2024,121.40,271009200,123.97,124.03,119.26
9/26/2024,124.04,302582900,126.80,127.67,121.80
9/25/2024,123.51,284692900,122.02,124.94,121.61
9/24/2024,120.87,354966800,116.52,121.80,115.38
9/23/2024,116.26,206228500,116.55,116.99,114.86
9/20/2024,116.00,382462400,117.06,118.62,115.39
9/19/2024,117.87,293506400,117.35,119.66,117.25
9/18/2024,113.37,310318900,115.89,117.70,113.22
9/17/2024,115.59,231925900,118.17,118.80,114.83
9/16/2024,116.78,248772300,116.79,118.18,114.36
9/13/2024,119.10,238358300,119.08,119.96,117.60
9/12/2024,119.14,367100500,116.84,120.79,115.38
9/11/2024,116.91,441422400,109.39,117.19,107.42
9/10/2024,108.10,268283700,107.81,109.40,104.95
9/9/2024,106.47,273912000,104.88,106.55,103.69
9/6/2024,102.83,413638100,108.04,108.15,100.95
9/5/2024,107.21,306850700,104.99,109.65,104.76
9/4/2024,106.21,372470300,105.41,113.27,104.12
9/3/2024,108.00,477155100,116.01,116.21,107.29
8/30/2024,119.37,333751600,119.53,121.75,117.22
8/29/2024,117.59,453023300,121.36,124.43,116.71
8/28/2024,125.61,448101100,128.12,128.33,122.64
8/27/2024,128.30,303134600,125.05,129.20,123.88
8/26/2024,126.46,331964700,129.57,131.26,124.37
8/23/2024,129.37,323230300,125.86,129.60,125.22
8/22/2024,123.74,376189100,130.02,130.75,123.10
8/21/2024,128.50,257883600,127.32,129.35,126.66
8/20/2024,127.25,300087400,128.40,129.88,125.89
8/19/2024,130.00,318333600,124.28,130.00,123.42
8/16/2024,124.58,302589900,121.94,125.00,121.18
8/15/2024,122.86,318086700,118.76,123.24,117.47
8/14/2024,118.08,339246400,118.53,118.60,114.07
8/13/2024,116.14,312646700,112.44,116.23,111.58
8/12/2024,109.02,325559900,106.32,111.07,106.26
8/9/2024,104.75,290844200,105.64,106.60,103.43
8/8/2024,104.97,391910000,102.00,105.50,97.52
8/7/2024,98.91,411440400,107.81,108.80,98.69
8/6/2024,104.25,409012100,103.84,107.71,100.55
8/5/2024,100.45,552842400,92.06,103.41,90.69
8/2/2024,107.27,482027500,103.76,108.72,101.37
8/1/2024,109.21,523462300,117.53,120.16,106.81
7/31/2024,117.02,473174200,112.90,118.34,110.88
7/30/2024,103.73,486833300,111.52,111.99,102.54
7/29/2024,111.59,248152100,113.69,116.28,111.30
7/26/2024,113.06,293399100,116.19,116.20,111.58
7/25/2024,112.28,460067000,113.04,116.63,106.30
7/24/2024,114.25,327776900,119.17,119.95,113.44
7/23/2024,122.59,173911000,122.78,124.69,122.10
7/22/2024,123.54,258068900,120.35,124.07,119.86
7/19/2024,117.93,217223800,120.35,121.60,117.37
7/18/2024,121.09,320979500,121.85,122.40,116.56
7/17/2024,117.99,390086200,121.35,121.85,116.72
7/16/2024,126.36,214769500,128.44,129.04,124.58
7/15/2024,128.44,208326200,130.56,131.39,127.18
7/12/2024,129.24,252680500,128.26,131.92,127.22
7/11/2024,127.40,374782700,135.75,136.15,127.05
7/10/2024,134.91,248978600,134.03,135.10,132.42
7/9/2024,131.38,287020800,130.35,133.82,128.65
7/8/2024,128.20,237677300,127.49,130.77,127.04
7/5/2024,125.83,214176700,127.38,128.85,125.68
7/3/2024,128.28,215749000,121.66,128.28,121.36
7/2/2024,122.67,218374000,121.13,123.41,121.03
7/1/2024,124.30,284885500,123.47,124.84,118.83
6/28/2024,123.54,315516700,124.58,127.71,122.75
6/27/2024,123.99,252571700,124.10,126.41,122.92
6/26/2024,126.40,362975900,126.13,128.12,122.60
6/25/2024,126.09,425787500,121.20,126.50,119.32
6/24/2024,118.11,476060900,123.24,124.46,118.04
6/21/2024,126.57,655484700,127.12,130.63,124.30
6/20/2024,130.78,517768400,139.80,140.76,129.52
6/18/2024,135.58,294335100,131.14,136.33,130.69
6/17/2024,130.98,288504400,132.99,133.73,129.58
6/14/2024,131.88,309320400,129.96,132.84,128.32
6/13/2024,129.61,260704500,129.39,129.80,127.16
6/12/2024,125.20,299595000,123.06,126.88,122.57
6/11/2024,120.91,222551200,121.77,122.87,118.74
6/10/2024,121.79,314162700,120.37,123.10,117.01
6/7/2024,120.89,412385800,119.77,121.69,118.02
6/6/2024,121.00,664696200,124.05,125.59,118.32
6/5/2024,122.44,528401800,118.37,122.45,117.47
6/4/2024,116.44,403324000,115.72,116.60,114.05
6/3/2024,115.00,438391800,113.62,115.00,112.00
5/31/2024,109.63,613262500,112.52,112.72,106.94
5/30/2024,110.50,487350300,114.65,115.82,109.66
5/29/2024,114.83,557441900,113.05,115.49,110.90
5/28/2024,113.90,652727900,110.24,114.94,109.88
5/24/2024,106.47,429493700,104.45,106.48,103.00
5/23/2024,103.80,835065300,102.03,106.32,101.52
5/22/2024,94.95,548648000,95.46,96.02,93.25
5/21/2024,95.39,328946500,93.60,95.40,93.18
5/20/2024,94.78,318764500,93.75,95.20,93.44
5/17/2024,92.48,359691000,94.37,94.74,91.81
5/16/2024,94.36,323951800,94.91,95.82,94.10
5/15/2024,94.63,417735500,92.47,94.86,91.60
5/14/2024,91.36,296507100,89.60,91.65,88.93
5/13/2024,90.40,289680200,90.48,91.00,88.53
5/10/2024,89.88,335325400,90.30,91.40,89.23
5/9/2024,88.75,378012700,90.53,91.07,88.23
5/8/2024,90.41,325721000,89.48,91.19,89.42
5/7/2024,90.55,437341600,91.10,91.78,89.01
5/6/2024,92.14,376202600,89.39,92.22,89.06
5/3/2024,88.79,398340700,87.79,89.28,87.04
5/2/2024,85.82,377897500,84.45,86.24,83.20
5/1/2024,83.04,559863200,85.08,86.00,81.25
4/30/2024,86.40,363708700,87.24,88.82,86.30
4/29/2024,87.76,388970800,87.60,87.99,85.27
4/26/2024,87.74,551010800,83.82,88.33,83.39
4/25/2024,82.63,424640700,78.87,83.32,78.22
4/24/2024,79.68,512207500,83.95,84.08,79.18
4/23/2024,82.42,438559400,80.77,82.77,80.26
4/22/2024,79.52,596340500,78.10,80.07,76.40
4/19/2024,76.20,875198000,83.15,84.32,75.61
4/18/2024,84.67,447260300,84.97,86.19,82.40
4/17/2024,84.04,495399500,88.34,88.78,83.95
4/16/2024,87.42,370453000,86.43,88.12,86.06
4/15/2024,86.00,443077000,89.10,90.61,85.93
4/12/2024,88.19,426804800,89.70,90.18,87.53
4/11/2024,90.62,431637300,87.42,90.74,86.93
4/10/2024,87.04,431928500,83.93,87.40,83.71
4/9/2024,85.35,503547400,87.44,87.64,83.02
4/8/2024,87.13,283220000,88.70,88.83,86.73
4/5/2024,88.01,399678500,86.87,88.48,85.93
4/4/2024,85.91,434964900,90.41,90.63,85.88
4/3/2024,88.96,370066600,88.48,90.37,88.40
4/2/2024,89.45,433063600,88.45,90.09,87.62
4/1/2024,90.36,452441500,90.30,92.23,89.20
3/28/2024,90.36,435212300,90.00,91.30,89.19
3/27/2024,90.25,586067200,93.11,93.24,89.12
3/26/2024,92.56,513647600,95.85,96.38,92.50
3/25/2024,95.00,552136100,93.94,96.77,93.51
3/22/2024,94.29,586719400,91.14,94.78,90.83
3/21/2024,91.44,480372300,92.30,92.65,90.41
3/20/2024,90.37,479062800,89.80,90.41,88.22
3/19/2024,89.40,672171300,86.70,90.54,85.01
3/18/2024,88.46,668975900,90.39,92.41,87.09
3/15/2024,87.84,642086200,86.93,89.55,86.26
3/14/2024,87.94,602318200,89.58,90.65,86.60
3/13/2024,90.89,635712900,91.06,91.50,88.44
3/12/2024,91.91,668075200,88.05,91.96,86.15
3/11/2024,85.77,678364100,86.43,88.80,84.17
3/8/2024,87.53,1142269000,95.14,97.40,86.51
3/7/2024,92.67,608119200,90.16,92.77,89.60
3/6/2024,88.70,582520300,88.02,89.72,87.03
3/5/2024,85.96,520639300,85.27,86.10,83.42
3/4/2024,85.24,615616500,84.13,87.70,83.72
3/1/2024,82.28,479135100,80.00,82.30,79.44
2/29/2024,79.11,507289000,79.09,79.99,78.35
2/28/2024,77.66,393110400,77.62,78.93,77.13
2/27/2024,78.70,391705200,79.38,79.48,77.16
2/26/2024,79.09,503972700,79.70,80.65,78.51
2/23/2024,78.82,829388400,80.79,82.39,77.57
2/22/2024,78.54,865099700,75.03,78.58,74.22
2/21/2024,67.47,690298100,68.01,68.89,66.25
2/20/2024,69.45,704833100,71.95,71.96,67.73
2/16/2024,72.61,495326600,74.10,74.40,72.50
2/15/2024,72.66,420121800,73.87,73.98,72.40
2/14/2024,73.90,504917400,73.20,74.24,71.94
2/13/2024,72.13,602580200,70.40,73.45,69.62
2/12/2024,72.25,613710200,72.60,74.61,71.25
2/9/2024,72.13,436636900,70.53,72.19,70.21
2/8/2024,69.64,414422100,70.07,70.79,69.46
2/7/2024,70.10,495574600,68.32,70.22,67.60
2/6/2024,68.22,683111400,69.63,69.75,66.30
2/5/2024,69.33,680078000,68.23,69.50,67.21
2/2/2024,66.16,476577700,63.97,66.60,63.69
2/1/2024,63.03,369145800,62.10,63.19,61.65
1/31/2024,61.53,453794900,61.44,62.27,60.70
1/30/2024,62.77,410735300,62.90,63.49,62.26
1/29/2024,62.47,348733000,61.23,62.49,60.91
1/26/2024,61.03,390308600,60.96,61.78,60.57
1/25/2024,61.62,482776800,62.35,62.72,60.85
1/24/2024,61.36,560270800,60.30,62.85,59.94
1/23/2024,59.87,294654500,59.57,59.91,58.59
1/22/2024,59.65,452954600,60.05,60.33,59.07
1/19/2024,59.49,543501500,57.99,59.50,57.23
1/18/2024,57.11,491650400,57.26,57.60,56.11
1/17/2024,56.05,474394400,56.35,56.47,54.74
1/16/2024,56.38,449579700,55.02,56.84,54.90
1/12/2024,54.71,352993600,54.62,54.97,54.33
1/11/2024,54.82,596758800,55.00,55.35,53.56
1/10/2024,54.35,533795800,53.62,54.60,53.49
1/9/2024,53.14,773100100,52.40,54.33,51.69
1/8/2024,52.25,642509900,49.51,52.28,49.48
1/5/2024,49.10,415039300,48.46,49.55,48.31
1/4/2024,48.00,306534900,47.77,48.50,47.51
1/3/2024,47.57,320896200,47.49,48.18,47.32
1/2/2024,48.17,411254200,49.24,49.30,47.60
12/29/2023,49.52,389293300,49.81,50.00,48.75
12/28/2023,49.52,246587500,49.64,49.88,49.41
12/27/2023,49.42,233648000,49.51,49.68,49.09
12/26/2023,49.28,244199500,48.97,49.60,48.96
12/22/2023,48.83,252506800,49.20,49.38,48.47
12/21/2023,48.99,300425400,48.81,49.10,48.42
12/20/2023,48.11,397894400,49.66,50.00,48.10
12/19/2023,49.60,464444500,49.42,49.70,48.90
12/18/2023,50.08,412587200,49.40,50.43,49.15
12/15/2023,48.89,479947600,48.19,49.40,48.12
12/14/2023,48.35,391231700,48.39,48.67,47.42
12/13/2023,48.09,447791900,47.63,48.59,47.61
12/12/2023,47.66,372386900,46.05,47.67,46.05
12/11/2023,46.63,509728100,47.49,47.53,45.83
12/8/2023,47.51,359223700,46.60,47.74,46.55
12/7/2023,46.60,350822600,45.70,46.63,45.60
12/6/2023,45.50,380589600,47.21,47.39,45.41
12/5/2023,46.57,371717600,45.47,46.60,45.27
12/4/2023,45.51,437543400,46.08,46.08,45.01
12/1/2023,46.77,369317000,46.53,47.20,46.19
11/30/2023,46.77,526246600,48.02,48.11,46.42
11/29/2023,48.14,382004700,48.38,48.76,47.86
11/28/2023,47.82,401490900,48.24,48.32,47.47
11/27/2023,48.24,395661900,47.80,48.53,47.65
11/24/2023,47.78,294644600,48.47,48.92,47.75
11/22/2023,48.72,900642300,49.85,50.33,47.69
11/21/2023,49.94,565746900,50.13,50.52,49.22
11/20/2023,50.41,416142600,49.31,50.55,49.18
11/17/2023,49.30,325896900,49.52,49.72,49.01
11/16/2023,49.48,339756200,48.68,49.52,48.33
11/15/2023,48.89,475497400,49.94,49.96,48.20
11/14/2023,49.66,416953900,49.68,49.83,49.04
11/13/2023,48.62,384135700,48.32,49.12,48.10
11/10/2023,48.34,422441600,47.50,48.47,47.28
11/9/2023,46.95,540496000,47.47,48.23,46.75
11/8/2023,46.57,346718900,46.10,46.87,45.97
11/7/2023,45.96,343165500,45.72,46.22,45.16
11/6/2023,45.75,400733400,45.28,45.94,44.90
11/3/2023,45.01,424609600,44.02,45.31,43.72
11/2/2023,43.51,409171900,43.33,43.88,42.89
11/1/2023,42.33,437592900,40.88,42.38,40.87
10/31/2023,40.78,517968700,40.45,40.88,39.23
10/30/2023,41.16,388028100,41.09,41.77,40.48
10/27/2023,40.50,416784400,41.13,41.21,40.02
10/26/2023,40.33,541001300,41.85,42.26,39.88
10/25/2023,41.78,398379200,43.40,43.65,41.56
10/24/2023,43.66,401463400,43.08,43.70,42.69
10/23/2023,42.98,478530500,41.23,43.25,40.95
10/20/2023,41.39,477266100,41.89,42.47,41.08
10/19/2023,42.10,501233100,42.81,43.30,41.88
10/18/2023,42.20,627294300,42.59,43.22,41.83
10/17/2023,43.94,812332700,44.00,44.75,42.48
10/16/2023,46.10,375099200,45.06,46.23,44.91
10/13/2023,45.46,475426000,46.96,47.12,45.28
10/12/2023,46.95,481325000,46.78,47.61,46.33
10/11/2023,46.81,378136900,46.20,46.86,46.05
10/10/2023,45.80,368582100,45.31,46.26,45.09
10/9/2023,45.27,409674700,44.84,45.61,44.37
10/6/2023,45.76,434436000,44.19,45.79,44.03
10/5/2023,44.69,393483100,44.05,44.90,43.89
10/4/2023,44.04,361820900,43.74,44.14,43.29
10/3/2023,43.52,470849500,44.81,45.13,43.25
10/2/2023,44.78,433298200,44.03,45.18,43.86
9/29/2023,43.50,397829900,43.83,44.14,43.31
9/28/2023,43.09,424662800,42.46,43.45,42.12
9/27/2023,42.47,444935200,42.33,42.87,41.63
9/26/2023,41.91,402282100,42.00,42.82,41.66
9/25/2023,42.22,419091000,41.59,42.54,41.18
9/22/2023,41.61,479236300,41.57,42.12,41.23
9/21/2023,41.02,450736000,41.58,42.10,40.98
9/20/2023,42.24,367107700,43.60,43.90,42.22
9/19/2023,43.52,373064200,43.83,43.97,43.00
9/18/2023,43.97,500270800,42.75,44.24,42.00
9/15/2023,43.90,506830500,45.34,45.60,43.81
9/14/2023,45.58,370097200,45.95,45.99,45.13
9/13/2023,45.49,398355400,44.60,45.93,44.50
9/12/2023,44.87,349256300,44.74,45.67,44.53
9/11/2023,45.18,473965600,46.15,46.16,44.31
9/8/2023,45.57,473899900,45.94,46.61,45.27
9/7/2023,46.24,433329900,45.53,46.34,45.15
9/6/2023,47.06,468669600,48.44,48.55,46.58
9/5/2023,48.55,382652600,48.22,48.85,47.86
9/1/2023,48.51,463830300,49.76,49.80,48.14
8/31/2023,49.36,528569800,49.38,49.74,48.96
8/30/2023,49.26,735206000,49.04,49.93,48.43
8/29/2023,48.78,701397000,46.67,49.08,46.39
8/28/2023,46.84,685192200,46.48,46.98,44.89
8/25/2023,46.02,925340500,47.01,47.81,45.02
8/24/2023,47.16,1156044000,50.22,50.27,47.16
8/23/2023,47.12,779046100,45.87,47.20,45.21
8/22/2023,45.67,757206900,48.14,48.19,45.33
8/21/2023,46.97,692573400,44.49,47.07,44.22
8/18/2023,43.30,583767900,42.64,43.58,41.66
8/17/2023,43.34,452394800,43.97,44.06,43.00
8/16/2023,43.49,527450700,44.52,44.68,43.41
8/15/2023,43.94,676511500,44.56,45.27,43.71
8/14/2023,43.75,690285800,40.49,43.80,40.31
8/11/2023,40.86,533085300,41.75,42.02,40.64
8/10/2023,42.39,492705300,42.16,43.57,41.84
8/9/2023,42.55,586449100,44.27,44.31,42.13
8/8/2023,44.66,353843400,44.85,45.24,44.06
8/7/2023,45.42,322153500,45.11,45.54,44.56
8/4/2023,44.68,362666200,44.99,45.64,44.39
8/3/2023,44.52,325076600,43.80,45.12,43.80
8/2/2023,44.27,530141600,45.83,45.84,43.39
8/1/2023,46.51,239276000,46.46,46.90,46.03
7/31/2023,46.73,251055300,46.75,47.13,46.51
7/28/2023,46.75,331194200,46.67,47.03,46.38
7/27/2023,45.90,455975500,46.52,47.40,45.75
7/26/2023,45.45,364237300,46.02,46.05,44.63
7/25/2023,45.68,348080900,44.94,46.18,44.92
7/24/2023,44.61,383099700,44.73,45.11,44.04
7/21/2023,44.31,963768600,45.79,45.87,44.10
7/20/2023,45.52,537864500,46.51,47.09,45.06
7/19/2023,47.08,427501800,47.46,47.82,46.74
7/18/2023,47.49,570190400,46.70,47.90,45.73
7/17/2023,46.46,510488200,46.29,46.50,45.26
7/14/2023,45.47,772075300,46.58,48.09,45.06
7/13/2023,45.98,478203700,44.52,46.16,44.49
7/12/2023,43.90,481277000,43.03,43.94,42.78
7/11/2023,42.41,298244100,42.48,42.76,42.07
7/10/2023,42.18,353908100,42.66,42.81,41.65
7/7/2023,42.50,355881500,42.32,43.21,42.18
7/6/2023,42.10,304138800,41.84,42.18,41.35
7/5/2023,42.32,323617600,42.14,43.18,42.09
7/3/2023,42.41,197754100,42.52,42.90,42.20
6/30/2023,42.30,501147800,41.68,42.55,41.50
6/29/2023,40.82,380514300,41.56,41.60,40.60
6/28/2023,41.12,582639300,40.66,41.85,40.52
6/27/2023,41.88,462174700,40.80,41.94,40.45
6/26/2023,40.63,594321900,42.46,42.76,40.10
6/23/2023,42.21,358139800,42.46,42.81,42.02
6/22/2023,43.03,417737400,42.25,43.43,42.23
6/21/2023,43.05,551602900,43.50,43.62,42.08
6/20/2023,43.81,451153100,43.00,43.99,42.67
6/16/2023,42.69,655709400,43.45,43.72,42.66
6/15/2023,42.65,568622000,42.60,43.29,42.15
6/14/2023,43.00,740465000,40.82,43.00,40.55
6/13/2023,41.02,613208200,40.19,41.10,39.74
6/12/2023,39.48,389673400,39.20,39.53,38.62
6/9/2023,38.77,427717500,39.04,39.71,38.57
6/8/2023,38.51,417772400,37.72,38.86,37.51
6/7/2023,37.48,511997900,38.92,39.50,37.36
6/6/2023,38.65,388729100,38.83,39.16,38.15
6/5/2023,39.17,396093800,38.91,39.57,38.71
6/2/2023,39.33,482731200,40.10,40.50,39.06
6/1/2023,39.77,635873000,38.49,40.05,38.34
5/31/2023,37.83,1002580000,39.49,40.30,37.82
5/30/2023,40.11,923401100,40.60,41.94,39.95
5/26/2023,38.95,714396800,37.89,39.17,37.55
5/25/2023,37.98,1543911000,38.52,39.48,36.64
5/24/2023,30.54,721418500,30.21,30.61,29.81
5/23/2023,30.69,356253300,31.00,31.29,30.63
5/22/2023,31.18,371999700,30.90,31.52,30.68
5/19/2023,31.26,473907700,31.54,31.58,30.92
5/18/2023,31.68,748725000,30.41,31.83,30.32
5/17/2023,30.18,432535400,29.58,30.20,29.43
5/16/2023,29.21,449404900,28.84,29.87,28.83
5/15/2023,28.95,293925900,28.51,28.97,28.15
5/12/2023,28.34,274222300,28.53,28.78,28.05
5/11/2023,28.58,322149000,28.90,28.95,28.25
5/10/2023,28.89,369350000,29.01,29.11,28.46
5/9/2023,28.57,314869500,28.90,28.97,28.45
5/8/2023,29.15,344978900,28.52,29.22,28.35
5/5/2023,28.68,361494100,27.83,28.76,27.73
5/4/2023,27.56,321850400,27.65,27.86,27.24
5/3/2023,27.80,383387400,27.84,28.37,27.47
5/2/2023,28.21,402729600,28.68,28.84,28.08
5/1/2023,28.91,570328500,27.84,29.06,27.78
4/28/2023,27.75,292216100,27.23,27.76,27.07
4/27/2023,27.23,377161200,27.36,27.50,26.63
4/26/2023,26.96,406336800,27.00,27.33,26.71
4/25/2023,26.24,378527200,27.08,27.25,26.23
4/24/2023,27.04,339281900,27.01,27.37,26.67
4/21/2023,27.12,345102800,26.95,27.18,26.72
4/20/2023,27.10,427713300,27.67,28.03,27.00
4/19/2023,27.93,358660400,27.36,28.00,27.23
4/18/2023,27.67,604811500,27.53,28.11,27.36
4/17/2023,27.00,321471300,26.57,27.01,26.43
4/14/2023,26.76,395660100,26.50,26.88,26.22
4/13/2023,26.46,353615300,26.73,26.89,26.33
4/12/2023,26.50,446259000,27.37,27.47,26.45
4/11/2023,27.17,314378200,27.72,27.79,27.13
4/10/2023,27.58,395278600,26.82,27.62,26.67
4/6/2023,27.04,397654300,26.58,27.08,26.43
4/5/2023,26.88,515014700,26.83,27.00,26.40
4/4/2023,27.45,368591500,27.97,28.00,27.31
4/3/2023,27.97,398715600,27.51,28.00,27.34
3/31/2023,27.78,433932800,27.14,27.83,27.11
3/30/2023,27.38,364515700,27.23,27.50,27.10
3/29/2023,26.98,393693900,26.83,27.08,26.60
3/28/2023,26.41,356103800,26.45,26.51,25.85
3/27/2023,26.53,361025700,26.84,27.00,26.37
3/24/2023,26.78,455414100,27.03,27.17,26.36
3/23/2023,27.19,564888800,27.12,27.50,26.69
3/22/2023,26.47,797295100,26.43,27.59,26.24
3/21/2023,26.20,547407800,26.18,26.39,25.38
3/20/2023,25.90,432747200,25.62,26.02,25.13
3/17/2023,25.73,848546600,25.98,26.40,25.67
3/16/2023,25.54,584946300,24.03,25.59,23.89
3/15/2023,24.23,524485700,23.76,24.29,23.36
3/14/2023,24.06,474910100,23.50,24.22,23.46
3/13/2023,22.97,421890300,22.75,23.30,22.30
3/10/2023,22.97,474865700,23.41,23.63,22.73
3/9/2023,23.44,501257000,24.18,24.45,23.38
3/8/2023,24.18,513573400,23.49,24.20,23.42
3/7/2023,23.29,515153900,23.60,24.13,23.24
3/6/2023,23.55,437429200,23.89,24.25,23.49
3/3/2023,23.89,412393300,23.32,23.90,23.13
3/2/2023,23.31,390074700,22.49,23.38,22.43
3/1/2023,22.70,460025600,23.19,23.26,22.51
2/28/2023,23.22,455962800,23.37,23.83,23.21
2/27/2023,23.50,452993700,23.67,23.88,23.45
2/24/2023,23.29,589715900,23.23,23.47,22.95
2/23/2023,23.66,1117995000,23.44,23.89,23.03
2/22/2023,20.75,513184300,20.71,21.10,20.42
2/21/2023,20.66,410014600,21.00,21.49,20.62
2/17/2023,21.39,465887600,21.63,21.74,20.98
2/16/2023,22.00,412026300,22.13,22.55,21.93
2/15/2023,22.76,421188300,22.55,22.86,22.11
2/14/2023,22.97,675473500,21.58,23.05,21.37
2/13/2023,21.79,474918600,21.54,22.05,20.96
2/10/2023,21.27,550736800,21.69,22.08,20.81
2/9/2023,22.34,523875800,22.61,23.02,22.12
2/8/2023,22.21,559651200,22.39,22.88,22.01
2/7/2023,22.17,664149600,21.38,22.26,21.15
2/6/2023,21.09,452197100,20.81,21.57,20.79
2/3/2023,21.10,429366000,21.00,21.75,20.79
2/2/2023,21.71,564275800,21.00,21.95,20.70
2/1/2023,20.94,660477000,19.69,21.19,19.61
1/31/2023,19.54,498016600,19.17,19.69,18.95
1/30/2023,19.16,488611200,19.95,20.14,19.15
1/27/2023,20.37,542142000,19.46,20.63,19.41
1/26/2023,19.80,489535400,19.70,20.17,19.28
1/25/2023,19.32,449537100,18.91,19.37,18.58
1/24/2023,19.27,496204100,18.83,19.50,18.82
1/23/2023,19.19,655162600,18.06,19.25,17.82
1/20/2023,17.84,564967100,17.01,17.86,16.83
1/19/2023,16.77,452931600,17.04,17.20,16.73
1/18/2023,17.38,439623600,17.67,17.87,17.28
1/17/2023,17.70,511102200,16.90,17.73,16.90
1/13/2023,16.90,447287100,16.28,16.92,16.17
1/12/2023,16.51,551409100,16.10,16.64,15.49
1/11/2023,16.00,353284900,15.84,16.03,15.56
1/10/2023,15.91,384101300,15.51,15.96,15.47
1/9/2023,15.63,504230600,15.28,16.06,15.14
1/6/2023,14.86,405043600,14.47,15.01,14.03
1/5/2023,14.27,389168100,14.49,14.56,14.15
1/4/2023,14.75,431323600,14.57,14.85,14.24
1/3/2023,14.32,401276600,14.85,15.00,14.10
12/30/2022,14.61,310489800,14.33,14.63,14.23
12/29/2022,14.60,354923200,14.40,14.68,14.23
12/28/2022,14.04,351066500,13.93,14.26,13.88
12/27/2022,14.12,464902300,15.07,15.10,14.06
12/23/2022,15.21,349325600,15.20,15.34,14.88
12/22/2022,15.34,565045300,16.09,16.14,14.88
12/21/2022,16.50,325025400,16.11,16.63,16.10
12/20/2022,16.09,403259800,16.06,16.31,15.85
12/19/2022,16.25,354038800,16.57,16.61,16.15
12/16/2022,16.57,478231900,16.86,17.04,16.41
12/15/2022,16.95,478542100,17.15,17.32,16.70
12/14/2022,17.67,496888100,17.99,18.25,17.42
12/13/2022,18.07,656588800,18.53,18.79,17.71
12/12/2022,17.54,457327800,17.04,17.54,16.80
12/9/2022,17.00,465338200,17.16,17.58,16.98
12/8/2022,17.17,515455500,16.27,17.18,15.96
12/7/2022,16.12,372387600,15.77,16.19,15.67
12/6/2022,15.99,352694300,16.53,16.57,15.82
12/5/2022,16.61,352255200,16.68,17.00,16.47
12/2/2022,16.88,371388600,16.66,16.93,16.45
12/1/2022,17.14,470976600,17.00,17.27,16.64
11/30/2022,16.92,565298200,15.70,16.93,15.60
11/29/2022,15.64,298384500,15.83,15.93,15.52
11/28/2022,15.83,304152000,16.03,16.36,15.73
11/25/2022,16.27,167934300,16.32,16.49,16.17
11/23/2022,16.52,427240900,16.10,16.53,16.05
11/22/2022,16.04,472866100,15.33,16.06,15.12
11/21/2022,15.32,404739300,15.15,15.48,15.08
11/18/2022,15.41,492071700,15.97,16.00,15.12
11/17/2022,15.68,710893600,15.72,16.27,15.54
11/16/2022,15.91,649546800,16.16,16.36,15.87
11/15/2022,16.67,545875500,16.72,17.00,16.38
11/14/2022,16.30,527852500,16.22,16.54,15.92
11/11/2022,16.33,655487500,15.81,16.39,15.48
11/10/2022,15.75,700819300,14.80,15.77,14.55
11/9/2022,13.78,454413700,14.16,14.21,13.76
11/8/2022,14.60,595292000,14.80,14.89,14.22
11/7/2022,14.30,410061000,14.23,14.41,13.95
11/4/2022,14.16,612575900,13.99,14.23,13.70
11/3/2022,13.42,500064900,13.04,13.78,12.96
11/2/2022,13.22,672627800,13.85,14.21,13.21
11/1/2022,13.54,432816900,13.81,13.93,13.52
10/31/2022,13.50,486341000,13.78,13.84,13.30
10/28/2022,13.83,521039900,13.10,13.85,13.06
10/27/2022,13.18,583113100,13.63,13.84,13.12
10/26/2022,12.90,535533300,12.87,13.39,12.71
10/25/2022,13.26,505482300,12.69,13.30,12.66
10/24/2022,12.60,517457400,12.51,12.71,12.06
10/21/2022,12.47,609494400,12.10,12.50,11.89
10/20/2022,12.19,652397600,12.11,12.77,12.11
10/19/2022,12.05,523130600,11.88,12.35,11.83
10/18/2022,11.97,659362100,12.34,12.49,11.62
10/17/2022,11.89,580774200,11.52,11.95,11.52
10/14/2022,11.23,713432000,12.06,12.11,11.20
10/13/2022,11.96,850103000,10.97,12.08,10.81
10/12/2022,11.50,492590200,11.58,11.74,11.35
10/11/2022,11.59,667481600,11.56,11.85,11.28
10/10/2022,11.67,698699300,12.04,12.12,11.41
10/7/2022,12.08,672478200,12.51,12.67,12.02
10/6/2022,13.13,644156900,13.22,13.66,13.10
10/5/2022,13.21,507130700,12.91,13.32,12.62
10/4/2022,13.17,584181700,12.88,13.22,12.88
10/3/2022,12.51,547478500,12.35,12.68,12.11
9/30/2022,12.14,565638400,12.09,12.63,12.08
9/29/2022,12.22,532763100,12.45,12.50,11.95
9/28/2022,12.74,542413900,12.41,12.82,12.35
9/27/2022,12.41,553854100,12.51,12.74,12.26
9/26/2022,12.23,547342700,12.49,12.66,12.21
9/23/2022,12.52,663309300,12.42,12.61,12.26
9/22/2022,12.56,759162200,13.07,13.15,12.43
9/21/2022,13.26,807679400,13.21,14.03,13.11
9/20/2022,13.18,524817800,13.21,13.48,13.06
9/19/2022,13.38,569685300,13.01,13.46,13.01
9/16/2022,13.20,670751400,12.74,13.21,12.62
9/15/2022,12.93,523625200,13.02,13.23,12.79
9/14/2022,13.13,588506500,13.25,13.29,12.91
9/13/2022,13.13,714955600,13.80,13.92,13.10
9/12/2022,14.51,484159200,14.37,14.55,14.20
9/9/2022,14.39,487128400,14.16,14.47,14.13
9/8/2022,13.99,624873100,13.46,14.01,13.37
9/7/2022,13.71,512657500,13.56,13.84,13.35
9/6/2022,13.47,535751200,13.73,13.78,13.35
9/2/2022,13.65,743157500,14.10,14.17,13.59
9/1/2022,13.94,1178865000,14.21,14.38,13.27
8/31/2022,15.09,573709900,15.38,15.54,14.96
8/30/2022,15.47,530180700,15.96,16.04,15.18
8/29/2022,15.80,496131900,16.02,16.34,15.77
8/26/2022,16.26,769127400,17.86,17.92,16.24
8/25/2022,17.91,770691300,16.84,17.95,16.83
8/24/2022,17.22,522660700,17.01,17.41,16.90
8/23/2022,17.18,369985800,16.99,17.47,16.97
8/22/2022,17.03,409592700,17.49,17.56,16.97
8/19/2022,17.85,441588300,18.41,18.52,17.77
8/18/2022,18.77,415446600,18.30,18.87,18.18
8/17/2022,18.34,446799100,18.52,18.69,18.15
8/16/2022,18.88,451239600,18.92,19.14,18.50
8/15/2022,19.03,457665600,18.70,19.16,18.61
8/12/2022,18.71,478094200,18.16,18.72,17.95
8/11/2022,17.94,509326600,18.13,18.71,17.88
8/10/2022,18.10,597422500,17.70,18.12,17.32
8/9/2022,17.09,668262700,17.25,17.45,16.72
8/8/2022,17.79,983783200,17.50,18.24,17.24
8/5/2022,18.99,386068300,18.81,19.23,18.67
8/4/2022,19.22,409652300,18.85,19.27,18.76
8/3/2022,18.89,418145600,18.18,18.97,18.14
8/2/2022,18.53,489526900,18.12,18.94,18.09
8/1/2022,18.44,476469000,18.18,18.85,17.99
7/29/2022,18.16,435460400,17.81,18.24,17.69
7/28/2022,17.98,474646300,17.98,18.14,17.44
7/27/2022,17.79,569776200,17.03,17.94,16.91
7/26/2022,16.53,397864900,16.89,16.92,16.48
7/25/2022,17.02,480747500,17.02,17.12,16.65
7/22/2022,17.32,536670900,17.89,17.97,17.14
7/21/2022,18.05,557049300,17.89,18.14,17.54
7/20/2022,17.81,760537800,16.95,17.93,16.80
7/19/2022,16.99,702366100,16.49,17.11,16.17
7/18/2022,16.10,670517500,16.30,16.90,16.00
7/15/2022,15.76,385935500,15.66,15.78,15.45
7/14/2022,15.37,456234800,15.11,15.47,14.73
7/13/2022,15.16,521918300,14.59,15.38,14.47
7/12/2022,15.08,458483100,15.27,15.43,14.88
7/11/2022,15.15,438388700,15.53,15.53,15.04
7/8/2022,15.84,467971800,15.43,16.04,15.39
7/7/2022,15.86,492902800,15.46,15.95,15.39
7/6/2022,15.13,529065900,15.01,15.32,14.79
7/5/2022,14.96,652207600,14.18,14.97,14.06
7/1/2022,14.52,577610100,14.90,15.06,14.39
6/30/2022,15.16,686070000,15.36,15.57,14.86
6/29/2022,15.54,482352300,15.81,15.82,15.17
6/28/2022,15.98,461859400,16.90,17.20,15.95
6/27/2022,16.87,427967900,17.31,17.33,16.63
6/24/2022,17.13,472152800,16.50,17.14,16.31
6/23/2022,16.23,463679600,16.52,16.59,15.85
6/22/2022,16.36,437997400,16.23,16.66,16.18
6/21/2022,16.57,483088900,16.47,17.01,16.41
6/17/2022,15.88,630334000,15.65,16.00,15.33
6/16/2022,15.60,545748700,15.86,15.94,15.40
6/15/2022,16.53,563935700,16.10,16.87,15.93
6/14/2022,15.84,469679500,15.73,16.07,15.41
6/13/2022,15.65,604153400,16.00,16.31,15.61
6/10/2022,16.97,465649700,17.60,17.70,16.87
6/9/2022,18.05,395573800,18.48,18.93,18.04
6/8/2022,18.65,363252500,18.80,19.18,18.54
6/7/2022,18.93,388914100,18.47,19.00,18.19
6/6/2022,18.79,422406200,19.14,19.34,18.56
6/3/2022,18.72,598778700,19.08,19.33,18.52
6/2/2022,19.59,648655800,18.29,19.62,18.20
6/1/2022,18.32,544513900,18.72,19.05,18.12
5/31/2022,18.67,664099500,18.98,19.20,18.35
5/27/2022,18.81,738379400,18.19,18.88,18.10
5/26/2022,17.85,996574500,16.04,18.09,16.02
5/25/2022,16.98,781131900,16.02,17.11,16.00
5/24/2022,16.15,588550000,16.51,16.60,15.78
5/23/2022,16.90,639888700,16.27,16.92,16.18
5/20/2022,16.69,739105300,17.33,17.41,15.76
5/19/2022,17.12,621309600,16.94,17.69,16.73
5/18/2022,16.94,545161100,17.71,18.12,16.86
5/17/2022,18.18,585829700,18.07,18.37,17.63
5/16/2022,17.26,521446000,17.51,17.79,17.11
5/13/2022,17.71,670436500,16.79,17.93,16.59
5/12/2022,16.18,708728400,16.22,16.79,15.57
5/11/2022,16.63,670167000,17.35,17.75,16.57
5/10/2022,17.60,761474300,17.69,18.20,17.03
5/9/2022,16.95,644454500,18.03,18.26,16.83
5/6/2022,18.68,633296700,18.74,19.51,17.99
5/5/2022,18.84,626331400,19.87,19.93,18.50
5/4/2022,20.33,648854600,19.92,20.40,18.75
5/3/2022,19.60,475750800,19.40,19.83,19.13
5/2/2022,19.53,572048700,18.54,19.57,18.39
4/29/2022,18.55,500434900,19.40,20.13,18.52
4/28/2022,19.78,570326700,18.97,20.04,18.49
4/27/2022,18.42,499460200,18.60,19.17,18.29
4/26/2022,18.79,653142500,19.72,19.79,18.67
4/25/2022,19.90,641565600,19.20,19.95,19.10
4/22/2022,19.52,624713400,20.30,20.49,19.50
4/21/2022,20.18,656209400,21.71,22.39,20.00
4/20/2022,21.48,468974400,22.52,22.67,21.20
4/19/2022,22.20,512780600,21.72,22.37,21.31
4/18/2022,21.78,525700600,21.20,22.09,21.08
4/14/2022,21.26,569096900,22.51,22.78,21.16
4/13/2022,22.20,516943400,21.73,22.50,21.46
4/12/2022,21.50,662258100,22.54,22.73,21.28
4/11/2022,21.92,575206800,22.21,22.32,21.66
4/8/2022,23.12,524780600,23.92,23.92,23.06
4/7/2022,24.21,557992400,24.44,24.72,23.48
4/6/2022,24.41,703832600,24.93,25.30,24.00
4/5/2022,25.93,436614700,27.25,27.32,25.82
4/4/2022,27.36,397707800,26.73,27.56,26.61
4/1/2022,26.71,517235100,27.38,27.50,26.27
3/31/2022,27.29,523440200,27.78,28.25,27.27
3/30/2022,27.69,463487100,28.30,28.50,27.50
3/29/2022,28.66,488984400,28.69,28.95,27.98
3/28/2022,28.22,425493900,27.76,28.25,27.21
3/25/2022,27.69,579016200,27.89,28.36,27.27
3/24/2022,28.15,877379100,26.17,28.32,25.91
3/23/2022,25.63,502119900,26.13,26.61,25.58
3/22/2022,26.52,547007100,26.73,27.24,26.07
3/21/2022,26.73,591727100,26.51,27.15,25.97
3/18/2022,26.45,730718600,24.80,26.57,24.62
3/17/2022,24.77,471941200,24.12,24.84,23.91
3/16/2022,24.50,671421700,23.50,24.60,23.17
3/15/2022,22.97,491995700,21.52,23.04,21.32
3/14/2022,21.33,385354200,21.87,22.26,21.16
3/11/2022,22.10,367208600,23.02,23.15,22.05
3/10/2022,22.66,428065700,22.53,22.79,21.88
3/9/2022,23.01,492742000,22.39,23.22,22.25
3/8/2022,21.51,557467200,21.31,22.37,20.65
3/7/2022,21.35,450820900,22.82,23.03,21.33
3/4/2022,22.94,432010700,23.38,23.68,22.48
3/3/2022,23.71,365095000,24.26,24.33,23.47
3/2/2022,24.22,389641900,23.76,24.41,23.42
3/1/2022,23.48,412056000,24.29,24.38,23.13
2/28/2022,24.39,477318600,23.99,24.67,23.71
2/25/2022,24.16,528865500,23.72,24.22,23.38
2/24/2022,23.75,735800600,21.02,23.80,20.89
2/23/2022,22.39,566510800,23.80,24.16,22.30
2/22/2022,23.39,633422400,23.04,24.06,23.00
2/18/2022,23.64,761254900,24.67,24.99,23.10
2/17/2022,24.51,810595100,25.63,25.79,24.17
2/16/2022,26.51,732676300,26.26,26.58,25.55
2/15/2022,26.50,701752800,24.95,26.55,24.78
2/14/2022,24.27,440424400,23.93,24.88,23.76
2/11/2022,23.95,605472000,25.92,26.15,23.77
2/10/2022,25.82,513199700,26.00,26.93,25.60
2/9/2022,26.71,524281700,25.62,26.73,25.35
2/8/2022,25.11,410358600,24.36,25.23,23.98
2/7/2022,24.73,376867500,24.37,25.18,24.20
2/4/2022,24.32,354828500,23.97,24.64,23.63
2/3/2022,23.95,410177800,24.46,25.08,23.78
2/2/2022,25.24,543419400,25.79,25.82,24.55
2/1/2022,24.64,518925200,25.10,25.15,23.89
1/31/2022,24.49,564679700,23.18,24.51,23.05
1/28/2022,22.84,543774300,22.01,22.86,21.30
1/27/2022,21.94,573352700,23.57,24.00,21.68
1/26/2022,22.77,755958700,23.24,24.06,22.30
1/25/2022,22.32,664616400,22.55,22.94,22.00
1/24/2022,23.37,915810600,22.33,23.38,20.89
1/21/2022,23.37,718957800,23.51,24.82,23.26
1/20/2022,24.15,435180700,25.30,25.58,24.08
1/19/2022,25.07,488314500,26.08,26.54,25.05
1/18/2022,25.90,425306200,26.26,26.64,25.77
1/14/2022,26.94,395832400,26.30,27.20,26.21
1/13/2022,26.58,538868100,28.38,28.48,26.50
1/12/2022,28.00,383413500,28.07,28.60,27.61
1/11/2022,27.82,404089300,27.32,28.07,26.84
1/10/2022,27.40,594681000,26.58,27.47,25.64
1/7/2022,27.25,409938500,28.14,28.42,27.06
1/6/2022,28.18,454186400,27.64,28.44,27.07
1/5/2022,27.60,498063900,28.95,29.42,27.53
1/4/2022,29.29,527154400,30.28,30.47,28.35
1/3/2022,30.12,392402900,29.82,30.71,29.79
12/31/2021,29.41,266529900,29.67,30.03,29.33
12/30/2021,29.59,308864200,29.83,30.46,29.54
12/29/2021,30.00,343139300,30.27,30.55,29.37
12/28/2021,30.32,420591200,31.31,31.33,30.01
12/27/2021,30.95,403685900,29.66,31.09,29.64
12/23/2021,29.64,343021700,29.76,30.06,29.43
12/22/2021,29.40,395184400,28.89,29.56,28.45
12/21/2021,29.08,524384900,28.37,29.12,27.40
12/20/2021,27.72,461846800,27.31,28.14,27.15
12/17/2021,27.80,716622400,27.99,28.92,27.76
12/16/2021,28.39,707366000,31.15,31.16,28.09
12/15/2021,30.46,698296900,28.40,30.50,27.84
12/14/2021,28.34,667035400,27.70,28.68,27.25
12/13/2021,28.16,598343700,30.25,30.29,28.12
12/10/2021,30.20,488825100,31.15,31.31,29.86
12/9/2021,30.49,488507200,31.73,32.21,30.43
12/8/2021,31.83,475551500,32.00,32.29,31.42
12/7/2021,32.43,593053500,30.96,32.45,30.65
12/6/2021,30.04,658938500,29.88,30.24,28.04
12/3/2021,30.69,544325100,32.00,32.13,30.13
12/2/2021,32.13,472890300,31.21,32.48,31.03
12/1/2021,31.44,485802000,33.22,33.29,31.38
11/30/2021,32.68,622066500,33.17,33.35,31.86
11/29/2021,33.38,454964000,32.37,33.41,32.04
11/26/2021,31.50,283068900,32.60,32.71,31.35
11/24/2021,32.67,435162300,31.46,32.86,30.93
11/23/2021,31.75,532162700,31.54,32.36,30.88
11/22/2021,31.96,754335200,33.52,34.65,31.90
11/19/2021,32.99,533866700,32.24,33.09,31.91
11/18/2021,31.68,781710800,32.37,32.76,31.32
11/17/2021,29.26,428508000,30.42,30.51,28.80
11/16/2021,30.20,264483700,29.76,30.39,29.71
11/15/2021,30.03,384909000,30.55,30.64,29.25
11/12/2021,30.39,413054300,30.01,30.68,29.63
11/11/2021,30.39,332172100,30.47,30.59,29.78
11/10/2021,29.46,636205700,29.36,30.85,28.78
11/9/2021,30.66,646746200,32.28,32.31,29.96
11/8/2021,30.80,503100900,30.15,31.10,29.91
11/5/2021,29.75,851260200,30.19,31.40,29.41
11/4/2021,29.80,1153631000,27.23,31.37,27.12
11/3/2021,26.60,239910300,26.67,26.78,26.24
11/2/2021,26.40,294112400,25.82,26.68,25.80
11/1/2021,25.83,265739800,25.65,25.89,25.23
10/29/2021,25.57,292502800,25.00,25.71,25.00
10/28/2021,24.94,234204300,24.88,24.95,24.52
10/27/2021,24.45,245989900,24.47,25.09,24.28
10/26/2021,24.72,485898300,23.99,25.26,23.92
10/25/2021,23.17,230234800,22.97,23.36,22.77
10/22/2021,22.73,249383800,22.82,23.13,22.56
10/21/2021,22.69,187590300,22.10,22.71,22.08
10/20/2021,22.10,146275900,22.30,22.43,21.98
10/19/2021,22.29,161473300,22.28,22.38,22.04
10/18/2021,22.22,189493600,21.75,22.29,21.64
10/15/2021,21.86,226994000,21.81,21.93,21.66
10/14/2021,21.75,243588800,21.29,21.76,21.12
10/13/2021,20.94,180651900,20.92,20.99,20.71
10/12/2021,20.67,162133500,20.83,21.06,20.53
10/11/2021,20.70,163387500,20.58,21.06,20.51
10/8/2021,20.83,151257900,21.10,21.21,20.78
10/7/2021,21.08,256918900,21.09,21.32,20.97
10/6/2021,20.70,297201800,20.12,20.72,20.08
10/5/2021,20.45,279281700,19.95,20.65,19.85
10/4/2021,19.73,345635000,20.50,20.54,19.56
10/1/2021,20.74,240978000,20.75,20.86,20.20
9/30/2021,20.72,221009100,20.77,21.07,20.69
9/29/2021,20.52,218393600,20.94,21.02,20.47
9/28/2021,20.70,343069000,21.21,21.42,20.65
9/27/2021,21.66,245215100,21.71,21.80,21.33
9/24/2021,22.08,217655500,22.07,22.15,21.86
9/23/2021,22.48,248554900,22.14,22.53,21.89
9/22/2021,21.94,268725600,21.37,21.96,21.20
9/21/2021,21.25,204688100,21.42,21.43,20.95
9/20/2021,21.11,349440500,21.15,21.43,20.66
9/17/2021,21.90,294502800,22.30,22.32,21.83
9/16/2021,22.24,156033400,22.18,22.28,21.93
9/15/2021,22.34,166538000,22.31,22.37,21.97
9/14/2021,22.24,199754600,22.28,22.41,22.09
9/13/2021,22.15,297499900,22.68,22.96,21.86
9/10/2021,22.48,248375700,22.35,22.63,22.27
9/9/2021,22.18,196856000,22.31,22.54,22.13
9/8/2021,22.34,254434200,22.51,22.61,21.98
9/7/2021,22.66,198107200,22.83,22.90,22.52
9/3/2021,22.84,280832000,22.33,22.99,22.20
9/2/2021,22.40,188109600,22.52,22.59,22.29
9/1/2021,22.44,201767000,22.49,22.70,22.36
8/31/2021,22.39,259849700,22.70,22.70,22.12
8/30/2021,22.69,262579900,22.83,23.04,22.55
8/27/2021,22.64,304722200,22.18,22.72,22.17
8/26/2021,22.07,237940400,22.20,22.34,21.79
8/25/2021,22.21,347701000,21.74,22.47,21.72
8/24/2021,21.79,297298900,21.75,21.96,21.54
8/23/2021,21.96,575806600,20.97,22.00,20.95
8/20/2021,20.82,675741300,19.99,20.87,19.93
8/19/2021,19.80,766554800,19.49,20.50,18.76
8/18/2021,19.04,285913500,19.50,19.63,19.00
8/17/2021,19.46,204584900,19.69,19.77,19.27
8/16/2021,19.95,211152800,20.14,20.29,19.45
8/13/2021,20.19,183062900,19.91,20.21,19.85
8/12/2021,19.91,151861600,19.87,20.03,19.62
8/11/2021,19.70,185924800,20.04,20.05,19.43
8/10/2021,19.94,179237800,20.32,20.43,19.83
8/9/2021,20.30,146443100,20.45,20.51,20.14
8/6/2021,20.37,178496600,20.52,20.57,20.21
8/5/2021,20.64,211435400,20.50,20.73,20.34
8/4/2021,20.27,231309400,19.99,20.32,19.83
8/3/2021,19.82,301810700,19.74,20.22,19.22
8/2/2021,19.75,217444000,19.70,19.96,19.36
7/30/2021,19.50,183497500,19.42,19.63,19.26
7/29/2021,19.66,190780900,19.52,19.85,19.33
7/28/2021,19.50,202191200,19.32,19.65,19.00
7/27/2021,19.21,248862600,19.27,19.62,18.74
7/26/2021,19.29,203943200,19.31,19.44,18.91
7/23/2021,19.56,195672000,19.66,19.70,19.25
7/22/2021,19.59,323826000,19.64,19.89,19.28
7/21/2021,19.41,371017400,18.88,19.53,18.74
7/20/2021,18.61,434686500,18.73,18.84,18.16
7/19/2021,18.78,749058800,17.92,19.04,17.87
7/16/2021,18.16,688222800,19.03,19.16,18.07
7/15/2021,18.97,550564400,19.81,19.85,18.86
7/14/2021,19.84,380099200,20.36,20.42,19.75
7/13/2021,20.25,290706320,20.40,20.46,20.11
7/12/2021,20.51,321984760,20.24,20.53,20.19
7/9/2021,20.05,296622680,19.96,20.08,19.75
7/8/2021,19.90,503299600,19.86,20.13,19.70
7/7/2021,20.37,418427200,20.85,20.88,20.33
7/6/2021,20.70,446707600,20.74,20.84,20.35
7/2/2021,20.49,343396680,20.44,20.51,20.29
7/1/2021,20.21,480134800,20.13,20.46,20.02
6/30/2021,20.00,326566160,20.00,20.16,19.86
6/29/2021,20.03,367633840,19.88,20.10,19.66
6/28/2021,19.99,495436400,19.36,20.08,19.32
6/25/2021,19.03,278365920,19.28,19.35,18.89
6/24/2021,19.21,320922400,19.23,19.42,19.09
6/23/2021,19.06,332357040,19.01,19.15,18.91
6/22/2021,18.89,580145600,18.47,18.96,18.39
6/21/2021,18.43,672382000,18.44,18.54,17.82
6/18/2021,18.64,968854400,18.78,19.38,18.58
6/17/2021,18.66,809654800,17.77,18.84,17.76
6/16/2021,17.81,307122600,17.79,17.95,17.58
6/15/2021,17.79,243030440,17.92,18.02,17.73
6/14/2021,18.02,321374280,17.91,18.04,17.66
6/11/2021,17.83,416307600,17.48,17.94,17.44
6/10/2021,17.43,287770440,17.35,17.49,17.18
6/9/2021,17.36,381657480,17.52,17.58,17.26
6/8/2021,17.46,323846760,17.53,17.62,17.25
6/7/2021,17.62,575754800,17.57,17.81,17.19
6/4/2021,17.58,617120400,17.11,17.66,17.10
6/3/2021,16.97,580006800,16.70,17.26,16.58
6/2/2021,16.78,594167600,16.25,16.92,16.24
6/1/2021,16.26,472803200,16.27,16.39,15.90
5/28/2021,16.24,644535600,15.50,16.28,15.50
5/27/2021,15.49,581475200,15.70,15.75,15.46
5/26/2021,15.70,370438640,15.73,15.79,15.59
5/25/2021,15.65,435406800,15.77,15.82,15.48
5/24/2021,15.61,554816400,15.21,15.75,15.18
5/21/2021,14.99,672992000,15.16,15.22,14.87
5/20/2021,14.61,321591920,14.30,14.68,14.27
5/19/2021,14.07,343999360,13.57,14.08,13.54
5/18/2021,14.02,186254240,14.27,14.40,14.00
5/17/2021,14.17,216488840,14.16,14.17,13.85
5/14/2021,14.24,258615000,13.89,14.33,13.75
5/13/2021,13.67,285727480,14.03,14.08,13.46
5/12/2021,13.76,303409320,14.01,14.26,13.71
5/11/2021,14.31,285585360,13.83,14.35,13.75
5/10/2021,14.27,268903800,14.79,14.81,14.25
5/7/2021,14.81,229327320,14.81,14.97,14.67
5/6/2021,14.52,193380920,14.50,14.57,14.22
5/5/2021,14.46,292023040,14.71,14.81,14.39
5/4/2021,14.35,405324800,14.64,14.64,14.01
5/3/2021,14.84,203911840,15.13,15.25,14.79
4/30/2021,15.01,201910080,15.17,15.37,15.00
4/29/2021,15.32,173196480,15.40,15.44,15.07
4/28/2021,15.28,209416200,15.36,15.53,15.22
4/27/2021,15.38,164573000,15.58,15.67,15.35
4/26/2021,15.48,197797080,15.19,15.48,15.13
4/23/2021,15.27,227772200,14.93,15.33,14.90
4/22/2021,14.85,277786280,15.38,15.44,14.78
4/21/2021,15.36,216777040,15.12,15.36,15.10
4/20/2021,15.17,334133040,15.32,15.50,14.96
4/19/2021,15.36,404418000,15.54,15.81,15.23
4/16/2021,15.91,335207560,16.05,16.17,15.87
4/15/2021,16.14,598480800,15.66,16.21,15.63
4/14/2021,15.28,385501920,15.63,15.72,15.23
4/13/2021,15.68,676212000,15.23,15.70,15.13
4/12/2021,15.21,869322000,14.29,15.35,14.14
4/9/2021,14.40,195170880,14.21,14.41,14.18
4/8/2021,14.32,244414920,14.25,14.47,14.25
4/7/2021,14.14,251284360,13.88,14.24,13.71
4/6/2021,13.86,191745960,14.00,14.05,13.77
4/5/2021,13.99,255671400,13.87,14.01,13.73
4/1/2021,13.81,308274600,13.57,13.87,13.51
3/31/2021,13.35,314777520,13.02,13.47,12.98
3/30/2021,12.87,200202480,12.84,12.98,12.71
3/29/2021,12.95,273519880,12.82,13.06,12.70
3/26/2021,12.84,363968960,12.55,12.86,12.37
3/25/2021,12.54,295144560,12.50,12.71,12.27
3/24/2021,12.64,245838520,13.15,13.16,12.64
3/23/2021,13.07,222046080,13.25,13.34,13.02
3/22/2021,13.19,297803080,12.91,13.39,12.91
3/19/2021,12.85,299206960,12.75,12.92,12.61
3/18/2021,12.72,294188080,13.14,13.18,12.72
3/17/2021,13.34,243864200,13.04,13.45,12.99
3/16/2021,13.29,272129600,13.36,13.51,13.12
3/15/2021,13.19,222520440,12.86,13.21,12.77
3/12/2021,12.86,243963960,12.65,12.89,12.59
3/11/2021,12.99,299914280,12.95,13.05,12.73
3/10/2021,12.47,384376560,12.84,12.98,12.46
3/9/2021,12.52,521825600,12.13,12.62,12.06
3/8/2021,11.59,543111600,12.45,12.47,11.57
3/5/2021,12.46,542838800,12.55,12.55,11.68
3/4/2021,12.37,573345200,12.80,12.98,12.08
3/3/2021,12.80,377590280,13.43,13.45,12.80
3/2/2021,13.41,264114120,13.90,13.92,13.40
3/1/2021,13.84,353183000,13.88,13.93,13.55
2/26/2021,13.71,500930400,13.75,13.85,13.36
2/25/2021,13.31,824436000,14.05,14.37,13.22
2/24/2021,14.50,448319200,14.12,14.51,13.76
2/23/2021,14.14,391779320,14.08,14.24,13.39
2/22/2021,14.36,325885560,14.77,15.13,14.33
2/19/2021,14.93,271724120,15.02,15.18,14.85
2/18/2021,14.83,234080800,14.73,14.87,14.58
2/17/2021,14.91,275698680,15.17,15.22,14.78
2/16/2021,15.33,321959520,15.06,15.37,14.95
2/12/2021,14.96,374757480,15.05,15.29,14.78
2/11/2021,15.25,450827600,14.98,15.27,14.93
2/10/2021,14.76,485352400,14.46,14.91,14.34
2/9/2021,14.26,287560120,14.34,14.58,14.22
2/8/2021,14.44,434622800,13.73,14.47,13.73
2/5/2021,13.59,169153640,13.73,13.74,13.55
2/4/2021,13.66,201338480,13.53,13.67,13.34
2/3/2021,13.53,245409280,13.64,13.93,13.52
2/2/2021,13.56,220438280,13.40,13.57,13.29
2/1/2021,13.24,217204320,13.05,13.27,12.90
1/29/2021,12.99,271552040,13.08,13.33,12.91
1/28/2021,13.05,228315960,13.00,13.34,12.96
1/27/2021,12.92,371272840,13.23,13.23,12.79
1/26/2021,13.44,163980400,13.58,13.64,13.39
1/25/2021,13.65,251111160,13.78,13.83,13.24
1/22/2021,13.71,246818560,13.74,13.84,13.63
1/21/2021,13.87,338339600,13.42,14.00,13.25
1/20/2021,13.37,258570880,13.11,13.43,13.06
1/19/2021,13.03,226186880,13.02,13.09,12.84
1/15/2021,12.86,277781280,13.23,13.33,12.85
1/14/2021,13.20,283120280,13.58,13.60,13.18
1/13/2021,13.53,210028440,13.49,13.63,13.39
1/12/2021,13.48,291477720,13.75,13.75,13.35
1/11/2021,13.62,519028800,13.42,13.96,13.36
1/8/2021,13.28,292528600,13.36,13.42,13.04
1/7/2021,13.34,461481600,12.97,13.38,12.89
1/6/2021,12.61,580423200,13.22,13.25,12.59
1/5/2021,13.40,322759920,13.10,13.44,13.09
1/4/2021,13.11,560642000,13.10,13.65,12.96
12/31/2020,13.06,192424400,13.14,13.15,12.92
12/30/2020,13.15,225397160,12.99,13.21,12.90
12/29/2020,12.94,170372160,12.93,13.07,12.84
12/28/2020,12.90,212565640,13.06,13.06,12.76
12/24/2020,12.99,97883520,13.04,13.13,12.94
12/23/2020,13.01,179142760,13.26,13.28,13.01
12/22/2020,13.28,186314880,13.32,13.34,13.05
12/21/2020,13.33,302332160,13.07,13.37,12.97
12/18/2020,13.27,342064640,13.38,13.41,13.07
12/17/2020,13.34,231383880,13.37,13.38,13.18
12/16/2020,13.24,223114680,13.42,13.44,13.21
12/15/2020,13.36,193485920,13.44,13.46,13.19
12/14/2020,13.31,270157880,13.09,13.39,13.08
12/11/2020,13.01,209265640,12.97,13.02,12.82
12/10/2020,12.97,207764720,12.87,13.07,12.85
12/9/2020,12.93,401301200,13.30,13.41,12.87
12/8/2020,13.35,271920880,13.59,13.60,13.28
12/7/2020,13.61,223243240,13.60,13.73,13.50
12/4/2020,13.56,202243400,13.45,13.56,13.39
12/3/2020,13.40,199520640,13.59,13.66,13.33
12/2/2020,13.54,283361200,13.35,13.67,13.23
12/1/2020,13.39,297571280,13.49,13.53,13.23
11/30/2020,13.40,286952000,13.27,13.41,12.97
11/27/2020,13.26,167275200,13.38,13.41,13.17
11/25/2020,13.23,259916400,13.03,13.27,13.02
11/24/2020,12.96,346499960,13.14,13.16,12.89
11/23/2020,13.14,361354200,13.17,13.38,13.02
11/20/2020,13.09,341089800,13.45,13.49,13.07
11/19/2020,13.44,565934400,13.21,13.49,13.10
11/18/2020,13.43,510925200,13.47,13.61,13.19
11/17/2020,13.42,312027960,13.55,13.60,13.30
11/16/2020,13.52,413774800,13.17,13.65,13.16
11/13/2020,13.30,346762320,13.63,13.67,13.06
11/12/2020,13.46,366635000,13.48,13.77,13.32
11/11/2020,13.42,404743600,13.05,13.43,12.95
11/10/2020,12.77,644067200,13.61,13.61,12.63
11/9/2020,13.63,582978000,14.55,14.69,13.61
11/6/2020,14.56,383349280,14.11,14.59,13.90
11/5/2020,14.16,319028320,14.16,14.34,13.99
11/4/2020,13.79,410229200,13.39,13.83,13.34
11/3/2020,13.02,272901080,12.71,13.11,12.60
11/2/2020,12.58,299652640,12.66,12.84,12.40
10/30/2020,12.53,417396000,12.85,12.94,12.30
10/29/2020,13.02,320081840,12.84,13.19,12.75
10/28/2020,12.63,376518080,13.20,13.26,12.61
10/27/2020,13.40,250519680,13.31,13.44,13.19
10/26/2020,13.14,336894320,13.43,13.69,13.04
10/23/2020,13.59,233484280,13.45,13.59,13.29
10/22/2020,13.36,290479440,13.52,13.61,13.23
10/21/2020,13.52,219597320,13.63,13.79,13.48
10/20/2020,13.65,229212040,13.58,13.80,13.51
10/19/2020,13.50,298068560,13.90,13.98,13.41
10/16/2020,13.81,242639600,14.04,14.12,13.79
10/15/2020,13.97,267225120,13.81,14.01,13.77
10/14/2020,14.10,276647120,14.29,14.34,13.96
10/13/2020,14.25,344603120,14.30,14.35,14.02
10/12/2020,14.23,434744000,13.99,14.35,13.91
10/9/2020,13.76,346890920,13.77,13.82,13.66
10/8/2020,13.84,378900880,14.08,14.08,13.76
10/7/2020,13.96,418085200,14.00,14.12,13.86
10/6/2020,13.74,784420000,13.83,14.14,13.67
10/5/2020,13.64,479818400,13.24,13.64,13.22
10/2/2020,13.06,552496000,13.23,13.52,13.05
10/1/2020,13.61,525002400,13.76,13.76,13.46
9/30/2020,13.53,689184000,13.16,13.62,13.15
9/29/2020,13.23,623004800,12.94,13.44,12.93
9/28/2020,13.04,573809200,13.04,13.05,12.75
9/25/2020,12.87,588016400,12.45,12.88,12.25
9/24/2020,12.35,731240400,12.07,12.57,12.01
9/23/2020,12.12,647012400,12.58,12.73,12.08
9/22/2020,12.64,646452000,12.58,12.65,12.16
9/21/2020,12.52,721042400,11.93,12.52,11.90
9/18/2020,12.19,698462000,12.59,12.63,11.99
9/17/2020,12.46,792511600,12.13,12.59,12.03
9/16/2020,12.51,557599600,12.96,13.09,12.51
9/15/2020,12.99,727556400,13.28,13.30,12.83
9/14/2020,12.87,1201744800,13.08,13.32,12.63
9/11/2020,12.16,636926800,12.49,12.65,11.90
9/10/2020,12.31,698684400,12.99,13.07,12.17
9/9/2020,12.72,736198400,12.40,12.81,12.23
9/8/2020,11.91,795729600,11.73,12.55,11.70
9/4/2020,12.62,1463682800,12.78,13.18,11.70
9/3/2020,13.02,945126000,13.83,13.88,12.88
9/2/2020,14.35,874012800,14.70,14.73,13.90
9/1/2020,13.82,512474000,13.48,13.99,13.44
8/31/2020,13.37,500841200,13.18,13.58,13.04
8/28/2020,13.15,537158400,12.67,13.15,12.64
8/27/2020,12.63,317602920,12.78,12.85,12.57
8/26/2020,12.77,321242920,12.80,12.87,12.68
8/25/2020,12.75,289076800,12.63,12.76,12.57
8/24/2020,12.72,490564400,12.88,12.91,12.51
8/21/2020,12.68,999869600,12.20,12.81,12.20
8/20/2020,12.14,921386400,11.98,12.38,11.88
8/19/2020,12.14,622622400,12.30,12.32,12.10
8/18/2020,12.26,503446400,12.45,12.50,12.09
8/17/2020,12.34,621300800,11.85,12.41,11.82
8/14/2020,11.56,366436160,11.53,11.70,11.44
8/13/2020,11.44,374459560,11.55,11.72,11.36
8/12/2020,11.44,464942800,10.99,11.47,10.96
8/11/2020,10.85,354510520,11.07,11.14,10.80
8/10/2020,11.17,427796000,11.33,11.41,10.86
8/7/2020,11.20,342515960,11.31,11.50,11.04
8/6/2020,11.34,244315680,11.35,11.36,11.18
8/5/2020,11.29,250499720,11.24,11.37,11.17
8/4/2020,11.23,310335600,11.05,11.23,10.91
8/3/2020,11.01,413018400,10.73,11.10,10.72
7/31/2020,10.61,386286000,10.56,10.77,10.43
7/30/2020,10.61,308880160,10.38,10.62,10.30
7/29/2020,10.47,284507680,10.39,10.52,10.35
7/28/2020,10.22,271636040,10.37,10.38,10.21
7/27/2020,10.42,292130200,10.23,10.44,10.22
7/24/2020,10.19,473292000,9.88,10.36,9.78
7/23/2020,10.13,411661200,10.45,10.55,10.03
7/22/2020,10.44,367290840,10.37,10.60,10.29
7/21/2020,10.33,277666840,10.51,10.56,10.29
7/20/2020,10.51,284850840,10.27,10.53,10.16
7/17/2020,10.20,266284640,10.23,10.25,10.09
7/16/2020,10.13,344964720,10.02,10.21,9.90
7/15/2020,10.23,403984800,10.41,10.43,10.06
7/14/2020,10.38,542674400,10.08,10.40,9.79
7/13/2020,10.05,457074800,10.60,10.79,10.03
7/10/2020,10.48,497674800,10.59,10.66,10.38
7/9/2020,10.51,494547200,10.38,10.57,10.23
7/8/2020,10.22,365480520,9.99,10.23,9.97
7/7/2020,9.87,357799720,9.95,10.07,9.85
7/6/2020,9.84,315893720,9.74,9.91,9.71
7/2/2020,9.61,364054080,9.64,9.74,9.58
7/1/2020,9.53,326646800,9.52,9.58,9.41
6/30/2020,9.50,367892000,9.31,9.53,9.27
6/29/2020,9.20,342248120,9.17,9.20,8.90
6/26/2020,9.16,592085600,9.50,9.50,9.13
6/25/2020,9.49,376072000,9.36,9.51,9.18
6/24/2020,9.24,449370800,9.48,9.56,9.14
6/23/2020,9.45,375107400,9.55,9.64,9.41
6/22/2020,9.53,398466480,9.30,9.53,9.27
6/19/2020,9.26,524160400,9.24,9.45,9.23
6/18/2020,9.22,254409520,9.23,9.28,9.11
6/17/2020,9.24,408305600,9.11,9.30,9.07
6/16/2020,9.07,535715200,9.23,9.27,8.84
6/15/2020,9.17,400002000,8.82,9.18,8.74
6/12/2020,8.93,570908000,9.16,9.19,8.70
6/11/2020,8.80,583650400,9.15,9.26,8.79
6/10/2020,9.37,632181600,9.17,9.50,9.15
6/9/2020,9.05,468488800,8.80,9.11,8.75
6/8/2020,8.81,387737240,8.88,8.89,8.69
6/5/2020,8.92,481746000,8.79,9.00,8.71
6/4/2020,8.77,424278400,8.73,8.94,8.68
6/3/2020,8.77,365438880,8.82,8.87,8.70
6/2/2020,8.83,391320560,8.80,8.84,8.66
6/1/2020,8.81,390511000,8.83,8.84,8.69
5/29/2020,8.88,745919600,8.55,8.88,8.49
5/28/2020,8.49,736128000,8.41,8.76,8.38
5/27/2020,8.53,1175892400,8.63,8.63,8.00
5/26/2020,8.72,770779200,9.16,9.18,8.67
5/22/2020,9.03,1038765200,8.83,9.09,8.71
5/21/2020,8.78,761069600,9.05,9.05,8.74
5/20/2020,8.97,587536400,8.99,9.04,8.89
5/19/2020,8.81,717322000,8.79,9.09,8.76
5/18/2020,8.75,776403600,8.76,8.92,8.68
5/15/2020,8.49,987661600,7.89,8.50,7.87
5/14/2020,8.03,602312400,7.84,8.04,7.69
5/13/2020,7.78,625850000,7.92,8.08,7.59
5/12/2020,7.80,493059200,8.12,8.17,7.79
5/11/2020,8.07,469060000,7.81,8.11,7.78
5/8/2020,7.81,339907120,7.69,7.82,7.66
5/7/2020,7.62,373730520,7.58,7.69,7.53
5/6/2020,7.44,323465560,7.42,7.55,7.39
5/5/2020,7.34,368895640,7.39,7.51,7.28
5/4/2020,7.28,317555200,7.02,7.30,7.02
5/1/2020,7.07,342097800,7.11,7.22,7.02
4/30/2020,7.31,375917720,7.41,7.46,7.29
4/29/2020,7.46,379161880,7.42,7.51,7.34
4/28/2020,7.28,442904000,7.58,7.61,7.28
4/27/2020,7.43,479388000,7.37,7.59,7.35
4/24/2020,7.24,352645480,7.09,7.24,7.02
4/23/2020,7.10,424159600,7.20,7.33,7.08
4/22/2020,7.15,484729200,6.93,7.20,6.89
4/21/2020,6.74,735160000,7.06,7.12,6.68
4/20/2020,7.18,449388400,7.18,7.34,7.13
4/17/2020,7.31,539122000,7.45,7.47,7.17
4/16/2020,7.37,745620400,7.18,7.48,7.16
4/15/2020,7.02,366148840,6.93,7.10,6.88
4/14/2020,7.10,530946800,6.88,7.13,6.85
4/13/2020,6.75,398407280,6.51,6.76,6.43
4/9/2020,6.57,526248000,6.80,6.82,6.51
4/8/2020,6.67,542444400,6.59,6.70,6.52
4/7/2020,6.48,784522000,6.93,6.96,6.43
4/6/2020,6.71,727882400,6.38,6.75,6.32
4/3/2020,6.10,663214000,6.35,6.39,5.96
4/2/2020,6.39,675764400,6.11,6.40,6.06
4/1/2020,6.08,656913200,6.39,6.54,6.03
3/31/2020,6.59,949960400,6.68,6.89,6.44
3/30/2020,6.64,602250000,6.38,6.65,6.34
3/27/2020,6.32,638829600,6.25,6.58,6.22
3/26/2020,6.43,697587600,6.35,6.56,6.25
3/25/2020,6.14,793430800,6.35,6.55,6.09
3/24/2020,6.23,1101644000,5.73,6.32,5.70
3/23/2020,5.32,643874800,5.14,5.41,4.96
3/20/2020,5.14,804634000,5.48,5.76,5.13
3/19/2020,5.32,765514000,5.05,5.42,4.83
3/18/2020,5.07,874266400,5.00,5.25,4.52
3/17/2020,5.43,833632000,5.02,5.52,4.78
3/16/2020,4.91,726972000,5.31,5.65,4.85
3/13/2020,6.02,634837600,5.76,6.03,5.49
3/12/2020,5.41,816541600,5.64,5.90,5.40
3/11/2020,6.16,502067600,6.39,6.42,6.06
3/10/2020,6.53,580648800,6.41,6.53,6.15
3/9/2020,6.14,614158400,6.00,6.49,5.95
3/6/2020,6.65,515412400,6.65,6.71,6.45
